0
"the_unknown_company_the_unknown_company,_metro_station_shastri_nagar,_e2-252,_back_st,_near_shastri_nagar,_block_e2,_shastri_nagar,_delhi,_110052_+919990888661"
"testovation_c2,_block_c,_sector_1,_noida,_uttar_pradesh_201301_+919650071200"
"canara_bank_-_delhi_shaktinagar_30,_11,_nangia_park_chowk,_block_30,_shakti_nagar,_s.o,_delhi,_110007_18001030"
"results_shop_no_1/5,_infront_of_bata_shop,_30/31,_ajmal_khan_rd,_block_5,_west_extension,_karol_bagh,_new_delhi,_delhi,_110005_+918588816750"
"jsg_architects_wz51,_ram_nagar_road,_chaukhandi,_uttam_nagar,_new_delhi,_delhi,_110018_+919810330517"
"corporate_group_1st_floor,_chander_plaza_building,_1515,_bhisham_pitamah_marg,_opp._axis_bank,_south_extension_i,_wazir_nagar,_defence_colony_branch,_new_delhi,_delhi_110003_+911141834335"
"delhi_medical_store_e-51/7,_masjid_rd,_near_chand,_block_12a,_shastri_park,_shahdara,_new_delhi,_delhi,_110005_+919810616847"
"niryat_business_-_a_unit_of_nbs_global_business_private_limited_sab_house,_3/8,_asaf_ali_rd,_near_hdfc_bank,_katra_chobey_lal,_chandni_chowk,_new_delhi,_delhi,_110002_+919999048686"
"mars_corporation_office_no._208,_2nd_floor_garg_plaza,_vardhaman_city_centre_l.s.c,_chowki_no._02,_gulabi_bagh,_new_delhi,_delhi_110052_+911147052319"
"top_business_327,_nangli_jalib,_janakpuri,_new_delhi,_delhi,_110058_+918048861269"
"sbi_f_block_kamla_nagar_block_f,_kamla_nagar,_delhi,_110007_18004253800"
"akc_tax_and_corporate_advisory_mercantile_house,_15,_kg_marg,_connaught_place,_new_delhi,_delhi_110001_+918287706848"
"hindustan_overseas_corporation_6562/12,_md._ismail_marg,_police_colony,_chowk_nai_basti,_sadar_bazaar,_new_delhi,_delhi,_110006_+919212799634"
"sbi_kishanganj_(delhi)_branch_old_rohtak_rd,_bagh_kare_khan,_sarai_rohilla,_delhi,_110007_18001234"
"btw_corporate_office_a-14,_food_zone,_lawrence_road,_industrial_area,_new_delhi,_delhi_110035_+911142470865"
"value_multiplier_private_limited_a-4,_pocket_4,_sector_4,_rohini,_new_delhi,_delhi,_110085_+919313045019"
"lb_architects_mayakunj,_59-b,_block-8,_mayapuri,_new_delhi,_delhi_110064_+919982222789"
"10x_global_2nd_floor,_2/6,_above_icici_bank,_block_2,_west_patel_nagar,_patel_nagar,_new_delhi,_delhi,_110008_+918800565608"
"achal_kataria_architects_e-15,_1st_floor,_rajeshwar_arya_marg,_south_extension_i,_block_e,_new_delhi,_delhi_110049_+919810335523"
"and_store_shop_no._e-115,_ground_floor,_main_market,_mandelia_rd,_kamla_nagar,_delhi,_110007_+911132226534"
"wkc_glassware_private_limited_15a/19,_block_15a,_wea,_karol_bagh,_new_delhi,_delhi,_110005_+918130352750"
sportzcraft_pvt._ltd.®_-_corporate_office__+911141055220
"sportsjump.in_-_sports_shop_in_delhi_1958b/153,_ganeshpura,_tri_nagar,_delhi,_110035_+919711235981"
"theobroma_bakery_and_cake_shop_-_kamla_nagar,_new_delhi_47,_bunglow_road,_mandelia_road,_north,_kamla_nagar,_new_delhi,_delhi_110007_+918182881881"
"suresh_trading_co._139,_tilak_bazar,_khari_baoli,_old_delhi,_new_delhi,_delhi,_110006_+911123915678"
"fortune_sales_corporation._2nd_floor_,_plot_no.315,_opposite_dr.sahib_singh_verma_community_hall,_shalimar_bagh,_new_delhi,_delhi_110088_+919911001860"
"vikas_group_corporate_office_12/a,_najafgarh_rd,_moti_nagar,_karampura_industrial_area,_karam_pura,_new_delhi,_delhi,_110015_+911142070707"
"raj_properties_a-324,_puranchand_gali,_block_a,_shastri_nagar,_delhi,_110052_+919810065215"
"scalex_solutions_-_msme_business_consulting_164/2nd_floor,_85,_sector_6_rd,_near_c.n.g._pump,_pocket_2,_sector_6b,_rohini,_delhi,_110085_+917022026031"
"architecture_alliance_(gautam_bhatia_&_navin_gupta)_a-29,_gulmohar_park,_block_a,_gulmohar_park,_new_delhi,_delhi_110049_+911141740550"
"shivam_trading_corporation_5224/104_nigam_market_shraddhanand_marg,_gb_road,_near_icici_bank,_110006new,_delhi,_110006_+917942671431"
"lux_industries_limited_m5fh+4m9,_block_b,_shastri_nagar,_delhi,_110052_+911123651011"
"deep_architects_a-133,_near_tanishq_showroom,_block_a,_vishal_enclave,_rajouri_garden,_new_delhi,_delhi,_110027_+919643965929"
"results_10th_floor,_hindustan_times_house,_kg_marg,_connaught_place,_delhi,_110001_+918287566777"
"daryaganj_restaurant_shop_number_11,_second_floor,_pacific_mall,_block_6,_tagore_garden,_new_delhi,_delhi,_110018_+919355771947"
"test_sieves_msc_170_&_172a,_yog_maya,_multani_dhanda,_paharganj,_new_delhi,_delhi_110055_+919810581994"
"kalyan_jewellers_-_kamla_nagar,_new_delhi_shop_no_24,_bungalow_rd,_kamla_nagar,_new_delhi,_delhi,_110007_18004257333"
"bullet_king_1587/31,_hardhyan_singh_road,_ilahi_bux_marg,_beadonpura,_pocket_29,_naiwala,_karol_bagh,_new_delhi,_delhi_110005_+919996302220"
"aggarwal_corporate_heights_a-7,_district_centre_at,_plot_no,_netaji_subhash_place,_wazirpur,_delhi,_110034_+919958008283"
"deepak_gupta_architects_central_market,_164-165/8,_rajdhani_enclave,_west_enclave,_pitampura,_delhi,_110034_+911142680368"
"icici_bank_delhi_rajdhani_enclave_icici_bank_ltd,_281,_shree_nagar,_rajdhani_enclave,_pitampura,_new_delhi,_delhi,_110034_18001080"
"woodland_affairs_lake_&_woodland_park_(tihar,_lake,_hari_nagar,_new_delhi,_delhi_110018_+919873347347"
"titan_world_-_kamla_nagar,_new_delhi_building_no_20e,_ground_floor,_bungalow_rd,_nearby_amitabh_banquet_hall,_kamla_nagar,_new_delhi,_delhi,_110007_+918657785272"
bharti_rajput-_business_coach_&_fashion_model__+919625322214
"mittal_automobiles_962,_arya_samaj_rd,_near_dhaka_hotel,_pocket_29,_naiwala,_karol_bagh,_new_delhi,_delhi,_110005_+918860119915"
"lenskart.com_flagship_store_at_ashok_vihar,_delhi_(first_lens_replacement_free)_119_a,_near_ambedkar_chowk,_ashok_vihar_phase_3,_phase_3,_deep_enclave,_ashok_vihar,_delhi,_110052_+918130101670"
"indian_potash_limited_-_corporate_office_j5rg+qcx,_pusa_rd,_block_1,_wea,_karol_bagh,_new_delhi,_delhi_110060_+911125732438"
"master_brains_303,_prabhat_kiran_building,_17,_rajendra_place,_new_delhi,_delhi_110060_+918595867402"
"results_3rd_floor,_vishal_tower,_320,_district_centre,_delhi,_110058_+919953719111"
"ibc_bada_business_delhi_-_ashish_aggarwal_e_block_house_no_187_shastri_nagar_opposite_shastri_nagar_metro_gate_no_2,_near_gupta_properties,_delhi_110052_+918076962848"
"results_najafgarh_rd,_house_complex_market,_block_c,_karam_pura,_delhi,_110008_+918882012093"
"super_bike_world_29/2,_arya_samaj_rd,_pocket_29,_naiwala,_karol_bagh,_new_delhi,_delhi,_110005_+919810290909"
"results_c-7/14,_mianwali_nagar,_rohtak_road,_new_delhi,_delhi_110087_+919868486981"
"icici_bank_ltd,_new_delhi_-_sadar_bazar-_branch_&_atm_4865-66,_foota_road,_pahari_dhiraj,_sadar_bazaar,_new_delhi,_delhi,_110006_18001080"
"renesa_architecture_design_studio_third_floor,_6,_basant_lok,_opposite_pvr,_priya,_vasant_vihar,_new_delhi,_delhi_110057_+911145511211"
"brandhype.in_-_social_media_&_digital_marketing_agency_in_delhi_15,_4th_floor,_community_centre,_mayapuri_industrial_area_phase_i,_new_delhi,_delhi_110064_+919873405308"
"bharatiya_vidya_bhavan_college_ip_university_bba_bca_gate_no_4,_copernicus_lane,_kg_marg,_new_delhi,_delhi_110001_+911123388869"
"zana_motor_cycles_/d_ryders_stop_ward_no._11,_shop_no,_hardhyan_singh_rd,_pocket_29,_naiwala,_karol_bagh,_new_delhi,_delhi,_110005_+919910272277"
"delhi_woodball_association_second_floor,_27/13,_nangia_park_chowk,_near_sbi_bank,_block_27,_shakti_nagar,_delhi,_110007_+911142244142"
"rrcsl_metro_walk,_sector_–_10,_rohini,_near_rithala_metro_station,_new_delhi,_delhi_110085_+911204515220"
"state_bank_of_india_gujrawala_town_a_4,_ground_floor,_gujranwala_town_part_1,_delhi,_110033_+911145680644"
"icici_bank_new_delhi_model_town_icici_bank_ltd,_h-4,_model_town_iii,_pocket_c,_phase_3,_model_town,_new_delhi,_delhi,_110033_+911133667777"
"ambesa_business_consulting_services_b1,_63,_jagdamba_market,_block_f,_aman_vihar,_sultanpuri,_new_delhi,_delhi,_110086_+918700287356"
"results_1st_floor,_17a/29,_ajmal_khan_rd,_opposite_westside,_block_7,_block_10,_wea,_karol_bagh,_delhi,_110005_+911142321434"
"patiaala_house_restaurant_in_delhi_548,_site,_1,_mod,_opposite_24_seven,_shankar_garden,_vikaspuri,_new_delhi,_delhi,_110018_+918875437543"
"web_business_tech_pvt._ltd_-_google_partner_in_india_607_6th_floor,_suneja_tower_2,_district_centre,_janakpuri,_new_delhi,_delhi,_110058_+918168685454"
"pgx_auto_accessories_1601/31,_hardhyan_singh_rd,_opp._masjid,_block_39e,_naiwala,_karol_bagh,_new_delhi,_delhi,_110005_+919891224832"
"bharat_petroleum,_petrol_pump_-syall_service_station_kirti_nagar_delhi,_west_delhi,_delhi_110015_+911125153920"
"i._e._design_e-5,_2nd_floor,_main_najafgarh_road,_bali_nagar,_delhi,_110015_+911125457774"
"s._ghosh_and_associates_r-4,_near_metro_station,_block_r,_kharera,_hauz_khas,_new_delhi,_delhi_110016_+911126962134"
"car_care_centre_repairing_services_&_bpcl_petrol_pump_lodhi_rd,_cgo_complex,_pragati_vihar,_new_delhi,_delhi_110003_+918826222714"
"design_sense_architects_2nd_floor,_33,_ns_rd,_block_bc,_mianwali_nagar,_paschim_vihar,_new_delhi,_delhi,_110087_+919999430067"
"malabar_gold_and_diamonds_-_karol_bagh_-_delhi_metro_pillar_no_-_114,_part-a,_ground_floor,_33,_pusa_rd,_karol_bagh,_delhi,_110005_+911139400916"
"alinz_portable_petrol_pumps_dlf,_40,_kirti_nagar,_new_delhi,_delhi_110015_+919990099591"
"sbi_bartan_bazar_wazirpur_branch_a-104,_ashok_vihar_rd,_ashok_vihar_ii,_pocket_c_2,_wazirpur_industrial_area,_ashok_vihar,_delhi,_110052_18001234"
"iqbal_bros_shop_no_1_g_block,_marina_arcade,_middle_cir,_near_a_block_petrol_pump,_block_g,_connaught_place,_new_delhi,_delhi_110001_+919811380650"
"olive_bar_&_kitchen_mile_6,_one_style,_8,_kalka_das_marg,_seth_sarai,_mehrauli,_new_delhi,_delhi_110030_+919810235472"
"t-shirt_printing_in_delhi_8874,_14b,_near_karol_bagh,_sidipura,_karol_bagh,_new_delhi,_delhi,_110005_+918851230220"
"auto_music_emporium_-_karol_bagh_10172,_abdul_aziz_rd,_block_15,_wea,_karol_bagh,_new_delhi,_delhi,_110005_+919810020606"
"canara_bank_-_delhi_trinagar_post,_totaram_bazar,_ganeshpura,_tri_nagar,_delhi,_110035_18001030"
"allahabad_bank_24/5,_shakti_nagar_main_road,_kamala_nagar_chowk,_block_24,_shakti_nagar,_new_delhi,_delhi_110007_18001022368"
abc_consult__+911123364957
"radiant_cash_management_services_private_limited_plot_no_3e/10,_block_e,_jhandewalan_extension,_karol_bagh,_new_delhi,_delhi_110055_+911148624884"
vertex_business_point__+917532092630
"corporate_destination_507,_meghdoot_building,_94,_nehru_place,_new_delhi,_delhi_110019_+911126441135"
"sssr_&_company_llp_8897b/14b,_ground_floor,_central,_sidipura,_karol_bagh,_new_delhi,_delhi,_110005_+911149120212"
"search_my_expert_-_hire_the_best_it_&_marketing_companies_1st_floor,_wz-113,_subash_nagar_marg,_opp._metro_pillar_no-_483,_meenakshi_garden,_ashok_nagar,_new_delhi,_delhi,_110018_+919999500444"
"canara_bank_-_delhi_pahar_ganj_#9000,_deshbandhu,_paharganj,_9011,_desh_bandhu_gupta_rd,_bazar_sangatrashan,_deshbandhu,_paharganj,_delhi,_new_delhi,_delhi_110055_18001030"
"results_701,_vishwa_sadan_building,_district_centre,_janakpuri,_new_delhi,_delhi,_110058_+911141065208"
"sbi_psb_karol_bagh_new_delhi_branch_no.2658,_p.b,_arya_samaj_rd,_block_5,_wea,_karol_bagh,_new_delhi,_delhi,_110005_18001234"
"sparkling_business_ba_block,_gurunanak_pura,_janakpuri,_new_delhi,_delhi,_110058_+919811350748"
"sanmeet_kaur_:_business_coach_a-6/70,_a_6_block,_paschim_vihar,_new_delhi,_delhi,_110063_+919811848728"
"axis_bank_branch_a1/1,1,_ashok_vihar_phase_3,_block_a,_shakti_nagar_extension,_ashok_vihar,_new_delhi,_delhi,_110052_18605005555"
"charms_of_india_#307,_sanjeev_tower,_a-3,_commercial_complex,_janakpuri,_new_delhi,_delhi_110058_+911125617641"
results__+918802108733
"aggarwal_hardware_house_a-187/1,_block_b,_shastri_nagar,_delhi,_new_delhi,_delhi_110052_+918860490298"
"reinforce_designs_private_limited_e-40,_south_extension_i,_block_e,_new_delhi,_delhi_110049_+919560434496"
"bharat_group_of_companies_vikram_towers,_1301,_rajendra_place,_new_delhi,_delhi_110060_+911143661111"
"patanjali_mega_store_no_216/217,_lgf,_maharishi,_dda_site,_no_1,_geeta_mandir_marg,_r-block,_pocket_r,_mrg,_new_rajinder_nagar,_new_delhi,_delhi_110060_+919310531555"
"delhi_test_house_a,_62/3,_gt_karnal_rd,_opp._hans_cinema,_azadpur_industrial_area,_dilkhush_bagh_village,_ashok_vihar,_new_delhi,_delhi,_110033_+911147075555"
"rotomax_decor_a-187/,_shastri_nagar,_delhi_+919312419858"
vintech__+918700376343
"results_new_delhi_house,_107,_27,_barakhamba_rd,_new_delhi,_delhi_110001_+919810860069"
"results_first_floor,_rajendra_bhawan,_161,_rajendra_place,_delhi,_110008_+918956490723"
"results_building_no_61,_qutab_rd,_ram_nagar_market,_prem_nagar,_arya_nagar,_paharganj,_new_delhi,_delhi,_110055_+919211125597"
"international_business_centre_05,_gh_14,_paschim_vihar,_delhi,_110087_+919811124949"
"sbi_central_secretariat_branch_north_block,_central_secretariat,_new_delhi,_delhi_110001_18001234"
"design_atelier_b-4,_gf,_pamposh_enclave,_greater_kailash_i,_greater_kailash,_new_delhi,_delhi_110048_+911141009927"
"baba_bath_accessories_–_bathroom_supply_store_in_delhi_shiv_market,_wp-465,_wazirpur,_wazirpur_village,_ashok_vihar,_new_delhi,_delhi,_110052_+919354961405"
"mla_office_rithala_sec_1,_vijay_vihar_phase_ii,_avantika,_sector_1,_rohini,_new_delhi,_delhi,_110085_+911127523406"
bizzlab__+919990061143
"merino_group_2nd_floor,_klj_tower,_70,_moti_nagar,_new_delhi,_delhi_110015_+911145557000"
"onlybigcars_-_car_repair_delhi_18,_17,_pusa_rd,_block_8,_wea,_karol_bagh,_new_delhi,_delhi,_110005_+919999967591"
"ample_wings_it_services_77,_baird_ln,_sector_4,_gole_market,_new_delhi,_delhi_110001_+919868977776"
"zudio_-_kamla_nagar,_new_delhi_21,_bungalow_rd,_kamla_nagar,_new_delhi,_delhi,_110007_+918976844238"
"umang_architects_788_7th_floor_aggarwal_cyber_plaza_ii,_netaji_subhash_place,_delhi,_110034_+918750315281"
"apar_india_institute_of_management_&_technology_p42f+x99,_sector_8,_rohini,_delhi,_110085_+911145044000"
"sanjay_chawla_architects_&_consultants_site_1,_m-20,_pocket_r,_rajender_nagar_part_2,_new_rajinder_nagar,_new_delhi,_delhi_110060_+919810131059"
"export_genius_2nd_floor,_c-7/224-225,_d_13,_pocket_7,_sector_7,_rohini,_new_delhi,_delhi,_110085_+918003800357"
"mother_dairy_milk_shop_-_subzi_mandi,_new_delhi_milk_shop_-_523_house_3159,_nearby_classic_opticals,_punjabi_basti,_subzi_mandi,_new_delhi,_delhi_110007_18001801018"
"dfm_foods_ltd_8377,_roshanara_rd,_kherian_mohalla,_subzi_mandi,_new_delhi,_delhi,_110007_+911123826445"
"canara_bank_-_delhi_kamala_nagarii_d-31_ground_floor,_kamla_nagar,_delhi,_110007_18001030"
"business_charcha_block_wz,_shastri_nagar,_new_delhi,_delhi,_110052_+919315924884"
"s.s.engineers_&_architects_ground_floor,_ssengineers&_architects,_plot_no_68,_near_shiv_chock,_pocket_1,_sector-20,_sector_20,_rohini,_delhi,_110086_+919873876689"
"union_bank_of_india_a_-_18,_ashok_vihar_phase_1_rd,_block_a,_pocket_a,_phase_1,_ashok_vihar,_new_delhi,_delhi,_110052_+911127244327"
"41_morphogenesis_architects_41,_okhla_phase_iii,_okhla_industrial_estate,_new_delhi,_delhi_110020_+911141828070"
"tamra_restaurant_level_1_shangri-la_eros_new_delhi,_19,_ashoka_rd,_connaught_place,_new_delhi,_delhi_110001_+919599787836"
"icici_bank_new_delhi_shakti_nagar_icici_bank_ltd,_27/6,_block_27,_shakti_nagar,_new_delhi,_delhi,_110007_+911133667777"
"central_bank_of_india_-_subzi_mandi,_delhi_branch_kidar_building,_882-883,_l_block,_block_b,_subzi_mandi,_delhi,_110007_+911123853238"
"design_forum_international_k47,_block_k,_kailash_colony,_greater_kailash,_new_delhi,_delhi_110048_+911146556600"
"canara_bank_-_delhi_shastri_nagar_shaheed_udham_smarak_school,_shastri_nagar,_nagar,_delhi_110052_18001030"
"r.k._architects_&_engineers_118,_local_shopping_centre,_block_c,_vikaspuri,_new_delhi,_delhi_110018_+919650215056"
"indian_heritage_flatted_factory_complex,_a-56,_block_e,_jhandewalan_extension,_jhandewalan,_new_delhi,_delhi_110055_+911145696167"
"truvisory_india_suneja_tower-2,_district_centre,_janakpuri,_515,_new_delhi,_delhi_110058_+911145615164"
"sbi_shastri_nagar_branch_234,_235,_e-2,_block_a,_shastri_nagar,_vasant_vihar,_new_delhi,_delhi,_110052_18001234"
dimple_printing_corporate_gifts__+919899225109
"go4tradeworld_asia's_largest_b2b_marketplace_2nd_floor,_b-1/624,_block_b_2b,_janakpuri,_new_delhi,_delhi,_110058_+919990360911"
"pantaloons_(kamla_nagar,_new_delhi)_plot_no_29,_bungalow_rd,_near_chroma_store,_kamla_nagar,_new_delhi,_delhi,_110007_+917669421298"
"bluestone_jewellery_kamla_nagar,_new_delhi_gf,_e-111,_bada_gol_chakkar,_block_c,_kamla_nagar,_delhi,_110007_+918976872145"
"aj_atelier_architects_h-55,_lgf,_block_h,_lajpat_nagar_i,_lajpat_nagar,_new_delhi,_delhi_110024_+917860828689"
"sbi_new_colony_model_basti_branch_8357_-_1/3,_new_colony_marg,_nehru_nagar,_anand_parbat,_delhi,_110005_18001234"
"shikshapeeth_college_of_management_and_technology_16,_bindra_market,_tilak_nagar,_opposite_metro_pillar_no._494,_new_delhi,_delhi_110018_+919560753939"
"care_ratings_limited_videocon_tower,_e-1,_13th_floor,_jhandewalan_extension,_new_delhi,_delhi_110055_+911145333200"
"temple_street_-_ashok_nagar_delhi_-_pure_veg_restaurant_block_59,_block_58,_58,_1,_mukund_lal_katyal_marg,_ashok_nagar,_new_delhi,_delhi_110018_+911135623555"
"kapoor_&_associates_architects_:_engineers:_valuers_ad-110/c,_ring_rd,_shalimar_bagh,_new_delhi,_delhi_110088_+911147036808"
"studio_b_architects_s_260,_block_s,_panchsheel_park_south,_panchsheel_park,_new_delhi,_delhi_110017_+911126012181"
"interactive_bpo_services_pvt._ltd._shivaji_marg,_block_c,_najafgarh_road_industrial_area,_new_delhi,_delhi,_110015_+911141006060"
"ambience_mall,_vasant_kunj_2,_nelson_mandela_marg,_ambience_island,_vasant_kunj_ii,_vasant_kunj,_new_delhi,_delhi_110070_+918130350002"
"yogesher_india_2nd_floor,_metro_station_jhandewalan,_2e-8,_near_jhandewalan_extn,_block_e_1,_jhandewalan_extension,_karol_bagh,_new_delhi,_delhi_110055_+911141020647"
"results_194,_2611/194,_onkar_nagar_b,_onkar_nagar,_tri_nagar,_delhi,_110035_+919911118781"
"trust-va_business_solutions_pvt._ltd._rz-188,_durga_park,_main,_nasirpur_rd,_new_delhi,_delhi_110045_+919540740871"
"gem_enviro_management_limited_unit_no_-_203,_plaza_-_3,_central_square,_20,_manoharlal_khurana_marg,_bara_hindu_rao,_kishan_ganj,_delhi,_110006_+911149068377"
"sbi_gulabi_bagh(delhi)_branch_shopping_complex,_gulabi_bagh,_delhi,_110007_18001234"
"echelon_business_solutions_110,_new_delhi_house,_barakhamba_rd,_barakhamba,_new_delhi,_delhi_110001_+917775004497"
"the_shop_10,_regal_building,_sansad_marg,_beside_barista,_hanuman_road_area,_connaught_place,_new_delhi,_delhi_110001_+911123340971"
"team3_f_213b,_first_floor,_saket,_old_m_b_road,_lado_sarai,_new_delhi,_delhi_110017_+911141041053"
"springfit_mattress_store_27/1,_nangia_park_chowk,_block_27,_shakti_nagar,_new_delhi,_delhi,_110007_+918010161016"
"matebiz_️_unit_no._301,_3rd_floor,_ndm-1,_netaji_subhash_place,_pitampura,_new_delhi,_delhi,_110034_+918860522244"
"kala_shree_1st_floor,_pratap_chambers,_101-102,_gurudwara_rd,_near_gurudwara,_ghaffar_market,_block_24n,_beadonpura,_karol_bagh,_new_delhi,_delhi,_110005_+919289479393"
results__+919811837832
"v5_it_solution_b1c,_1b,_janakpuri,_new_delhi,_delhi,_110058_+918800946858"
"mother_dairy_milk_shop_-_karol_bagh,_new_delhi_house_no,_17a/59,_park,_booth_number_325,_wea,_gurudwara_road,_nearby_wea,_block_6,_wea,_karol_bagh,_new_delhi,_delhi,_110005_18001801018"
"the_work-worm_architects_ug-04,_imperial_tower,_204,_block_c,_naraina_vihar,_naraina,_new_delhi,_delhi_110028_+919811649664"
"medical_electronics_301_3rd_floor_nidhi_plaza-1_near_chowki_no_2,_shakti_nagar,_gulabi_bagh,_new_delhi,_delhi_110052_+919899158562"
"rajput_jain_&_associates_p_6/90,_connaught_circus_near_palika_bazar,_revoli_cinema,_connaught_place,_new_delhi,_delhi_110001_+919811322785"
"jj_architects_l-69a,_basement,_malviya_nagar,_new_delhi,_delhi_110017_+918750118888"
"results_single_storey,_a-15a,_near_gurudwara,_rajpura,_vijay_nagar,_delhi,_110009_+919015161123"
"uei_global_corporate_office_building_no._-_27,_commercial_complex,_301,_near_hotel_city_park,_adarsh_nagar,_block_kp,_poorvi_pitampura,_pitampura,_delhi,_110034_44151515"
"munjal_bollywood_star_gifts-_best_gift_wholesaler_in_delhi_124,_crockery_market,_sadar_bazar,_new_delhi,_delhi_110006_+919810230015"
"sbi_pratap_nagar_vasdev_nagar,_basant_nagar,_partap_nagar,_gulabi_bagh,_new_delhi,_delhi,_110007_+911123694250"
"bikanervala_corporate_office_a-28,_lawrence_road_industrial_area,_keshav_puram,_shakurpur,_new_delhi,_delhi,_110035_+911147006700"
"rama_paper_mills_limited_1101-1102,_11th_floor,_vikram_towers,_16,_rajendra_place,_new_delhi,_delhi_110060_+919810531002"
"zone_417_tatapower_ddl_kamla_nagar_m5hq+hpw,_central,_near_telephone_exchange,_sidora_kalan,_shakti_nagar_extension,_shakti_nagar,_new_delhi,_delhi,_110052_+911166404040"
"serta_mattress_store_16/330,_khajoor_rd,_block_16,_karol_bagh,_new_delhi,_delhi,_110005_+919643104310"
"tas_world_plot_no._2,_near_axis_bank,_hudson_lane,_gtb_nagar,_delhi,_110033_+919718883331"
"lic_corporate_office_m4x8+8cr,_mangalam_place,_rohini,_delhi,_110085_+911127940512"
"results_4_d_kamla_nagar,_delhi,_110007_+917840083200"
"sher_e_dil_metro_pillar_no.614,_b-7,_near_shankar_hospital,_block-b,_shankar_garden,_vikaspuri,_new_delhi,_delhi,_110018_+919025597049"
"voad_visualization_of_architecture_design_sector_18b_rd,_sector_18a_dwarka,_kakrola,_delhi,_110078_+919910081445"
"delhi_nagrik_sehkari_bank_1769/129,_shanti_nagar,_tri_nagar,_new_delhi,_delhi,_110035_+911127383621"
"icici_bank_delhi_east_punjabi_bagh_icici_bank_ltd,_1/13,_east_avenue_road,_old_market,_east,_punjabi_bagh,_new_delhi,_delhi,_110026_18001080"
"icfai_business_school_(ibs)_information_office_-_north_campus,_new_delhi_175-e,_front_portion_first_floor,_kamla_nagar,_new_delhi,_delhi_110007_+919990878884"
"mocemsa_care_-_luxury_perfumery_(corporate_office)_dlf_towers_shivaji_marg,_53,_new_delhi,_delhi_110015_+917065980098"
"canara_bank_-_delhi_dev_nagar_5,_desh_bandhu_gupta_rd,_block_24_b,_dev_nagar,_karol_bagh,_new_delhi,_delhi,_110005_18001030"
"bharat_petroleum_petrol_pump_2,_sham_nath_marg,_civil_lines,_delhi,_110054_+919871018455"
"results_1579,_block_h,_chittaranjan_park,_new_delhi,_delhi_110019_+911141329292"
"karnataka_bank_-_new_delhi_overseas_branch_8,_pusa_rd,_near_nukleus_coworking_space,_block_a,_rajendra_park,_rajendra_place,_new_delhi,_delhi_110060_+919579907651"
"hindustan_petroleum_corporation_limited_ground_floor,_kalidas_rd,_gulabi_bagh,_new_delhi,_delhi,_110007_+919811010458"
"amidez_architects_and_city_planners_g-57,_capital_plaza,_inder_enclave,_ns_road_rohtak_road,_nh_9,_paschim_vihar,_delhi,_110087_+917011443733"
"state_bank_of_india_miranda_house_delhi_university_of_delhi,_university_enclave,_ashok_vihar,_new_delhi,_delhi,_110007_+911127662398"
"indu_sales_corporation_g_3,_ground_floor,_block_a2,_keshav_puram,_tri_nagar,_delhi,_110035_+918048980252"
"canara_bank_-_delhi_wazirpur_bansal_tower,_18,_central_market,_pocket_k,_wazirpur,_ashok_vihar,_delhi,_110052_18001030"
"hair_wig_market_roshanara_rd,_near_pul_bangash_metro_station,_rahat_ganj,_aram_ganj,_sabzi_mandi_old,_delhi,_110007_+918750371372"
"anantaya's_pearls_business_park,_104,_netaji_subhash_place,_pitampura,_new_delhi,_delhi_110034_+919958762262"
"dcb_bank_-_shakti_nagar_29/7,_nangia_park_chowk,_nearby_domino's_restaurant,_block_28,_shakti_nagar,_delhi,_110007_+912268997777"
"archies_no_7ub,_bungalow_rd,_kamla_nagar,_new_delhi,_delhi_110007_+911141530405"
"a.s.s_science_academy_a-533/3,_block_a,_block_wz,_shastri_nagar,_new_delhi,_delhi,_110052_+919711315231"
"karur_vysya_bank_new_delhi-lawrence_road_metro_station_kanhaiya_nagar,_3851-3852/10,_main_road,_opp_metro_pillar_no_231_between_kanaihya_nagar_and_inderlok,_tri_nagar,_delhi,_110035_+911127380184"
"economics_classes_by_jatin_rajpal_vikas_surya_plaza,_3rd_floor,_near,_naharpur_village_rd,_rohini,_adjoining_icici_bank,_sector_7,_rohini,_delhi,_110085_+919711454546"
"neusource_startup_minds_india_limited_b-11,_block-b,_shankar_garden,_vikaspuri,_delhi,_110018_+918929014609"
"shere_punjab_business_sms_service_daily_update_3rd_floor,_coronation_hotel_building,_main_fateh_puri_chowk,_kucha_ghasiram,_chandni_chowk,_new_delhi,_delhi,_110006_+918285818283"
"export_business_mart_a-31,_third_floor,_west,_ganesh_nagar,_tilak_nagar,_new_delhi,_delhi,_110018_+918929966966"
"state_bank_of_india_azadpur_new_sabzi_mandi,_azadpur,_new_delhi,_delhi,_110033_+911127673247"
"sk_toys_&_treats_cycle_market,_100_a,_block_e_4,_jhandewalan_extension,_jhandewalan,_delhi,_new_delhi,_delhi_110055_+911147523613"
"sambhav_architects_pillar_no._167,_112a,_rohtak_rd,_near_madipur_metro_station,_madipur_jj_colony,_madhuban_enclave,_delhi,_110063_+919310100519"
"hettich_experience_centre_-_delhi_61,_panchkuian_marg,_near_rk_ashram_metro_station,_opposite_metro_pillar_no._4,_bharat_nagar,_paharganj,_delhi,_new_delhi,_delhi_110001_+918976730746"
"results_116,_vats_market,_pitampura,_near_mahubadan_chowk,_delhi,_110034_+919811040852"
"colence_international_(corporate_office)_129,_d_mall,_radisson_blu_hotel,_next_to_radisson_blu,_sunder_vihar,_paschim_vihar,_new_delhi,_delhi,_110087_+911140523824"
"ganpati_corporation_b,_1st_floor_plot.70_pvt,_6,_najafgarh_road_industrial_area,_new_delhi,_delhi_110008_+918043853447"
"sanjay_sarees-_saree_store_in_delhi_5397/70,_block19c,_regar_pura,_karol_bagh,_new_delhi,_delhi,_110005_+918447772498"
"testing_lab_block_b,_mayapuri_industrial_area_phase_i,_mayapuri,_new_delhi,_delhi_110064_+919891353939"
"delhi_state_civil_supplies_corporation_limited_7-9,_aapurti_bhawan,_110055,_aram_bagh,_paharganj,_new_delhi,_delhi_110055_+911123610120"
"sbi_fai_z_raod_karol_bagh_branch_16/67-68,_faiz_rd,_block_16,_karol_bagh,_new_delhi,_delhi,_110005_18001234"
"canara_bank_-_delhi_kashmiri_gate_bldg,_i_floor,_gpo,_g.p.o,_p_b_no_1689,_bhatnagar,_#2772,_lothiyan_marg,_kashmere_gate,_delhi,_110006_18001030"
"bharat_petroleum,_petrol_pump_-l.gopinath_delhi_cantt._delhi,_new_delhi,_delhi_110010_+919958375454"
"singh_service_station_main,_gt_karnal_rd,_opp._gurudwara_nanak_piao_sahib,_sultan_puri,_kirpal_bagh,_gujranwala_town,_delhi,_110033_+911127218398"
"sbi_smeccc_g_t_karnal_road_branch_1st_floor,_b-248,_derawal_nagar,_gujranwala_town,_delhi,_110033_18001234"
"synthesis_architecture_s277,_block_s,_greater_kailash_i,_greater_kailash,_new_delhi,_delhi_110048_+919899179742"
"idea_corporate_gifts_108,_vardhman_golden_plaza,_plot_no_33,_road_no_44,_delhi,_pitampura,_new_delhi,_delhi_110034_+918802405406"
"indian_accent_the_lodhi,_lodhi_rd,_cgo_complex,_pragati_vihar,_new_delhi,_delhi_110003_+919871117968"
"canara_bank_-_delhi_sadar_bazar-ii_#4146,_m655+pmm,_4150,_pahari_dhiraj,_sadar_bazaar,_delhi,_110006_18001030"
"nidhi_architect_and_interior_designer_(naid)_a,_227,_chattarpur_enclave_phase_2,_chhatarpur_enclave_phase_2,_chattarpur_enclave,_chhatarpur,_new_delhi,_delhi_110074_+919694444457"
"shankar_automobile_petrol_pump_indian_oil,_bhai_vir_singh_marg,_sector_4,_connaught_place,_new_delhi,_delhi_110001_+919871367567"
"pakwan_restaurant_block_1,_house_30,_1/30,_mall_rd,_block_1,_tilak_nagar,_new_delhi,_delhi,_110018_+911142137987"
"vmrp_associates_-_the_best_law_firm_in_delhi_ncr_1/38,_ground_floor,_block_1,_roop_nagar,_new_delhi,_delhi,_110007_+911123847707"
"dr._wamser_+_batra_india_pvt._ltd_1+2_upper_ground_floor,_kanchenjunga_building,_18,_barakhamba_rd,_connaught_place,_new_delhi,_delhi_110001_+911140556100"
"anand_super_service_station_opposite_hansraj_college,_kabir_basti,_malka_ganj,_delhi,_110007_+919811227127"
"icici_bank_delhi_east_patel_nagar_icici_bank_ltd,_30/27,_east_patel_nagar,_new_delhi,_new,_delhi,_110008_18001080"
"j_l_trading_company_2,_+919891000561,e,_253,_near_icici_bank,_shastri_nagar,_new_delhi,_delhi_110052_+919891000561"
"spacematters_c-_9,_9812,_vasant_kunj,_new_delhi,_delhi_110070_+911146035647"
"aags_&_co._9c_9th_floor,_atma_ram_house,_1,_tolstoy_rd,_connaught_place,_new_delhi,_delhi_110001_+911143080505"
"delhi_fabrics_:_rexine_manufacturer_in_delhi_,_india_10679,_jhandewalan_rd,_nabi_karim,_paharganj,_new_delhi,_delhi,_110055_+919999536022"
"people_alliance_workforce_private_limited_316,_b-25,_lawrence_rd,_pocket_c7,_block_c7,_keshav_puram,_tri_nagar,_new_delhi,_delhi,_110035_+917554276554"
"department_of_business_economics,_university_of_delhi_h5p7+4qr,_benito_juarez_marg_near_spring_dale_school,_south_campus,_dhaula_kuan,_new_delhi,_delhi_110021_+911124157277"
"tcbs_business_networks_india_sector_15,_pocket_33,_sector_9,_rohini,_new_delhi,_delhi,_110089_+919910944764"
"laxmi_store_b-1606,_block_b,_shastri_nagar,_new_delhi,_delhi,_110052_+919810236053"
"state_bank_of_india_m5ch+8jx,_block_e2,_shastri_nagar,_new_delhi,_delhi,_110052_+911800112211"
"state_bank_of_india_jnu_new_campus_jnu,_new_campus,_near_godawari_hostel,_new_delhi,_delhi_110067_+911800112211"
"fidem_corporate_advisors_-_govt_approved_valuers_in_delhi_north_ex_mall,_b-307/c,_rajapur,_pocket_18,_sector_9,_rohini,_delhi,_110085_+919811470267"
"creators_architects_klj_tower,_1106,_netaji_subhash_place,_shakurpur,_new_delhi,_delhi,_110034_+919319977128"
"adlaxy_metro_station,_2e/25,_basement_,jhandewalan_extn.,_oppst._bank_of_india,_near_jhandewalan,_new_delhi,_delhi_110055_+919999936253"
"results_gali_no._27-28_shop_no.4,_block-e,_gali_no.27,_28,_abdul_rehaman_rd,_near_sukant_hotel,_naiwala,_karol_bagh,_new_delhi,_delhi_110005_+918588810019"
"digital_molecule_pvt_ltd_-_best_digital_marketing_company_in_delhi_611/612,6th_floor,_mahatta_tower,_b1_market,_pocket_b_1,_b-1,_janakpuri,_new_delhi,_delhi,_110058_+919811039524"
"faculty_of_management_studies_-_main_campus_prof_nd_kapoor_marg,_opp._kirorimal_college,_delhi_school_of_economics,_university_enclave,_delhi,_110007_+919501113335"
"architects_design_studio_b-261_a,_greater_kailash_i,_new_delhi,_delhi_110048_+911141631187"
"canara_bank_-_delhi_wazirpur_industrial_area_h.o,_c-2,_k_c_goel_marg,_block_b,_wazirpur_industrial_area,_ashok_vihar,_delhi,_110052_18001030"
"sapras_architects_&_engineers_pvt._ltd._6,_jaipur_estate_ln,_nizamuddin,_jaipur_estata,_nizamuddin_east,_new_delhi,_delhi_110013_+911124354530"
"dalip_kumar_tiwari_gas_works_nehru_nagar,_patel_nagar,_new_delhi,_delhi,_110008_+919717656493"
"vme_classes_(best_accounting_institute_in_delhi)_487/6_main_peeragarhi_chowk_new_delhi,_delhi,_110041_+918860743096"
"furnish_me_architects_ras_vilas,_rasvilas,_pamposh_enclave,_district_centre,_sector_6,_innov8,_delhi,_new_delhi,_delhi_110017_+919934186150"
"canara_bank_-_delhi_raja_garden_market_s.o,_raja_garden,_b-10/15,_najafgarh_rd,_rajouri_garden,_new_delhi,_delhi_110027_18001030"
"results_1,_4th_floor_room_no._410,_dda_building,_kirti_shikar,_district_centre,_janakpuri,_new_delhi,_delhi,_110058_+919711101954"
"ascenso_management_and_consulting_services_pvt._ltd_bms_business_centre,_10_pvr_plaza_complex,_connaught_circus,_new_delhi,_delhi_110001_+911141513602"
"anagram_architects_k-110,_basement,_hauz_khas_enclave,_new_delhi,_delhi_110016_+911146019103"
"webdaksha_solutions_pvt_ltd_3207_third,_near,_mahindra_park,_rani_bagh,_pitampura,_delhi,_110034_+919953888418"
"the_design_unit_by_sk_-_architects_company_in_delhi_gf_&_basement,_defence_colony,_c-537,_block_dd,_kalkaji,_new_delhi,_delhi_110024_+919910522955"
"global_business_ventures_711,_suneja_tower_2,_district_centre,_janakpuri,_new_delhi,_delhi,_110058_+917065008753"
"premier_sales_corporation_93/2,_block_2,_w.h.s,_kirti_nagar,_new_delhi,_delhi,_110015_+911145343434"
"icici_bank_delhi_moti_nagar_icici_bank_ltd,_20-a,_shivaji_marg,_moti_nagar,_dle_industrial_area,_moti_nagar,_new_delhi,_delhi,_110015_18001080"
"results_rana_pratap_st.no.2,_saraswati_marg,_near_baba_dharamshala,_shahdara,_delhi,_110032_+919643397561"
"punjab_&_sind_bank_-_inderlok_branch_m5g8+2vm,_unnamed_road,_block_a,_anand_nagar,_tri_nagar,_delhi,_110052_18004198300"
"delhi_school_of_business_outer_ring_rd,_au_block,_ranikhet,_pitampura,_new_delhi,_delhi,_110034_+918448589526"
"genesis_architects_pvt_ltd_371,_first_floor_rangpuri,_adjacent_to_celebration_garden,_new_delhi,_delhi_110037_+919811698551"
"fast_track_filling_station_sidora_kalan,_sidora_kalan_village,_shastri_nagar,_delhi,_110052_+919810054013"
"kotak_mahindra_bank_c2/11,_ashok_vihar_ii,_pocket_c_2,_phase_2,_ashok_vihar,_new_delhi,_delhi,_110052_18602662666"
"sbi_ashok_vihar_branch_b,_3/3,_phase-ii,_ashok_vihar,_delhi,_110052_18001234"
"fortune_institute_of_international_business_plot_no._5,_rao_tula_ram_marg,_opposite_army_r&r_hospital,_vasant_vihar,_new_delhi,_delhi_110057_+917428344339"
"results_139/b,_gali_no._5,_than_singh_nagar,_anand_parbat,_new_delhi,_delhi,_110008_+918888889425"
"canara_bank_-_delhi_keshavpuram_(lawrence_road)_aggarwal_modern_bazar,_c-33,_lawrence_rd,_dr_lohia_industrial_area,_keshav_puram,_s.o,_delhi,_110035_18001030"
"dynamic_architects_delhi_d-21,_kalindi_kunj_rd,_beside_hind_guru_academy,_abul_fazail_enclave_-1,_jamia_nagar,_okhla,_new_delhi,_delhi_110025_+918882646074"
"results_2nd_floor,_9f,_near_spark_mall,_block_f,_kamla_nagar,_new_delhi,_delhi,_110007_+919911866388"
"support_star_corporate_services_pvt._ltd_cottage_no_19,_lower_ground_floor,_west_patel_nagar,_patel_nagar,_new_delhi,_delhi_110008_+917042627575"
"tkws_institute_of_banking_&_finance_r551,_shankar_rd,_r-block,_pocket_r,_rajender_nagar_part_2,_new_rajinder_nagar,_new_delhi,_delhi_110060_+911145155533"
"studio_an-v-thot_architects_private_limited_6123/01,_pocket_6,_sector_d,_vasant_kunj,_new_delhi,_delhi_110070_+919911112739"
"studio_srijan_9/45,_block_9,_kirti_nagar_industrial_area,_kirti_nagar,_new_delhi,_delhi,_110015_+911125172517"
"rama_fuels_and_services_3452,_gali_no._5,_neta_ji_subhash_market,_block_32,_krishna_nagar,_karol_bagh,_new_delhi,_delhi,_110005_+919811037409"
"the_sixth_element_-_architecture_&_design_studio_delhi_india_3rd_floor,_b-59/1,_block_b,_naraina_industrial_area_phase_2,_naraina,_new_delhi,_delhi,_110028_+919810069803"
"icici_bank_delhi_new_rajinder_nagar_d,_icici_bank_ltd,_139,_block_b_4,_new_rajinder_nagar,_new_delhi,_delhi,_110060_18001080"
"cashify_mobile_phone_store_shop_no-pvt_no-4_ground_floor_property_number_1e,_near_shree_geeta_bhavan_mandir,_block_e,_kamla_nagar,_delhi,_110007_+918046808700"
"icici_bank_delhi_kamala_nagar_icici_bank_ltd,_a_92,_block_c,_kamla_nagar,_delhi,_new_delhi,_delhi_110007_+911133667777"
"s.bhawani_shankar_&_associates,_company_secretary_809,_pragati_tower,_prasad_nagar,_rajendra_place,_new_delhi,_delhi_110008_+919785910278"
"stop_n_shop_a-116,_block_a,_kamla_nagar,_delhi,_110007_+918505884534"
"maas_architects_d_229,_lower_ground_floor,_sri_aurobindo_marg,_block_d,_sarvodaya_enclave,_new_delhi,_delhi_110017_+911141829970"
"edubloc_corporate_d4/1,_rana_pratap_bagh,_new_delhi,_delhi_110007_+919810059297"
"indianoil_ground_floor,_new_rohtak_rd,_opposite_tibbia_college,_ratan_nagar,_karol_bagh,_new_delhi,_delhi,_110055_+917428316208"
"small_business_solution_rz-40,_indra_park,_uttam_nagar,_sagarpur_east,_palam,_new_delhi,_delhi,_110046_+918037401697"
"bank_of_maharashtra_-_new_delhi_branch_no_30/26,_nangia_park_chowk,_nearby_mother_dairy,_block_30,_shakti_nagar,_new_delhi,_delhi,_110007_18002334526"
"cac_-_corporate_analyst_&_consultant_pvt_ltd_e-1,_3rd_floor,_prashant_vihar,_sector_14,_rohini,_delhi,_110085_+918470014719"
"w_corprate_office_w-house,_127,_mehrauli-gurgaon_rd,_new_manglapuri,_chhatarpur,_new_delhi,_delhi_110030_+911142193100"
"icici_bank_ashok_vihar,_new_delhi-branch_&_atm_2_0,_b-2/16,_phase_4,_ashok_vihar_iv,_ashok_vihar,_new_delhi,_delhi,_110052_18001080"
"pathfinders_global_pvt._ltd_1st_floor,_e-2/237,_opp._metro_pillar_number_171,_adjacent_to_yes_bank,_block_e2,_shastri_nagar,_delhi,_110052_+918447313335"
"house_of_punjab_e-68,_jail_rd,_ba_block,_gurunanak_pura,_janakpuri,_new_delhi,_delhi,_110058_+919996015853"
"prem_oil_company._no._393,_chandni_chowk_rd,_khari_baoli,_chandni_chowk,_delhi,_110006_+911143581105"
"shellz_india_limited_-_corporate_office_metro_station,_39/35,_3rd_floor,_main_rohtak_road,_opposite_metro_pillar_144_near_shivaji_park,_west_punjabi_bagh,_delhi,_110026_+911148504850"
"innovate_-_design_•_build_•_renovate_11_basement,_b_20,_double_storey,_block_b,_ramesh_nagar,_delhi,_110015_+919811254537"
"indian_school_of_business_and_finance_fc_33,_plot_1&2,_institutional_area,_jasola_vihar,_new_delhi,_delhi_110025_+911140430000"
"shop_name_wason_3906/16,opp.metro_pillar_no-226,_kanhiya_nagar,_delhi,_110035_+918398970970"
"amit_khanna_design_associates_c_8/7,_block_c,_vasant_vihar,_new_delhi,_delhi_110057_+911141704150"
"delhi_business_review_9,_institutional_area,_sector_25,_rohini,_delhi,_110085_+911127932799"
"manohar_bikkaneri_-_best_sweets_shop_in_ashok_vihar,_delhi_block_kd,_wazirpur_village,_ashok_vihar,_delhi,_110052_+911800110706"
"jha_design_architect_kanha_property,_rohini_sector-22,_plot_no.82,_pocket_16,_sector_22,_begum_pur,_delhi,_110086_+919899597489"
"green_brick_architects,_interior_designers_&_valuers_shivam_apartments,_26a_pocket-b,_phase-2,_ashok_vihar,_new_delhi,_delhi_110052_+918130064690"
"the_corporate_gifts_-_#1manufacturer_&_supplier_in_delhi_3a,_19,_block_8,_wea,_karol_bagh,_new_delhi,_delhi,_110005_+918882856861"
"mindaquest_business_solution_pvt._ltd._k/9,_gf,_patel_nagar_–_west,_new_delhi,_110005_+911147002693"
"ymb_testing_and_compliance_india_opc_private_limited_wz_33/4,_asalatpur_rd,_near_shree_hanuman_mandir,_asalatpur_village,_janakpuri,_new_delhi,_delhi,_110058_+918290405747"
"canara_bank_-_delhi_hansraj_college_university_of_delhi,_mahatma,_hans_raj_college_marg,_hansraj_college,_delhi,_110007_18001030"
"p_roy_architects_e-10a,_block_e,_rajouri_garden,_new_delhi,_delhi,_110027_+911125461561"
"delhi_chamber_of_commerce_second_floor,_mata_mandir,_49,_rani_jhansi_rd,_opp._jhandewalan,_motia_khan,_paharganj,_new_delhi,_delhi_110055_23616421"
"icici_bank-shastri_nagar,_new_delhi-branch_&_atm_252,_253,_e-2,_main_rd,_chara_mandi,_shastri_nagar,_new_delhi,_delhi,_110052_18001080"
"aadarniy_business_consulting_and_merch_193,_b-7,_209,_pocket_7,_sector_4,_rohini,_new_delhi,_delhi,_110085_+919910013967"
"business_mates_delhi_d99,_next_to_arena_multimedia,_near_delhi_university,_block_2,_kamla_nagar,_delhi,_110007_+919212283964"
"espaces_architects_b-6/109,_lower_ground_floor_,_safdarjung_enclave,_new_delhi,_delhi_110029_+911126161045"
blue_archive__+919013591145
"canara_bank_-_delhi_raj_niwas_marg_(st_xavier)_04,_st.xavier's_school,_no,_raj_niwas_marg,_ludlow_castle,_civil_lines,_new_delhi,_delhi,_110054_18001030"
"architectural_direction_55,_basement,_w_ave_rd,_west_punjabi_bagh,_punjabi_bagh,_delhi,_110026_+919354483235"
"canara_bank_-_delhi_kingsway(g_t_b_nagar)_plot_no_2154,_opp._t_b_hospital,_kingsway_camp,_gtb_nagar,_delhi,_110033_18001030"
"cii-itc_centre_of_excellence_for_sustainable_development_2nd_floor,_thapar_house,_124_janpath,_new_delhi,_delhi_110001_+911143723326"
"icici_bank_delhi_rohtak_road_icici_bank_ltd,_23_b/2,_new_rohtak_rd,_block_21_b,_dev_nagar,_karol_bagh,_new_delhi,_delhi,_110005_18001080"
"haryana_departmenal_store_b-1106,_main_bazar_rd,_mantola_mohalla,_shastri_nagar,_paharganj,_new_delhi,_delhi_110052_+917011824228"
"mukesh_arora_&_co._chamber_no._304,_1117,_gali_number_12,_rajgarh_extension-2,_block_39,_naiwala,_karol_bagh,_new_delhi,_delhi,_110005_+911135622109"
"designnotion_architects_basement,_d-112,_shiniwas_puri,_block_d,_defence_colony,_new_delhi,_delhi_110024_+911140196907"
"rajiv_associates_(architects)_delhi_apartments,_e,_202_sartaj,_38,_ring_rd,_rajouri_garden,_new_delhi,_delhi_110027_+911125462840"
"results_4b/8,_tilak_nagar,_new_delhi,_delhi_110018_+919911175539"
"sikka_associates_architects_a-2/1,_block_a_2,_safdarjung_enclave,_new_delhi,_delhi_110029_+911143235235"
"manpowergroup_services_india_pvt_ltd._suite_no.a-1a,_1st_floor,_h_block,_block_h,_connaught_place,_new_delhi,_delhi_110001_+911166497500"
"my_corporate_partner_102,_pocket-1,_sector-24,_rohini,_delhi,_110085_+917065706706"
"archmasters_design_studio_architect_&_interior_designer_mb_block,_60a,_opp._narula_hospital,_shakarpur,_new_delhi,_delhi_110092_+919999728205"
"1vision_architects_anand_chamber,_block_25,_east_patel_nagar,_patel_nagar,_new_delhi,_delhi_110008_+919891860833"
"anuraag_bhardwaj_architects_b_76,_vivek_vihar_phase_2,_vivek_vihar_ii,_jawala_nagar,_shahdara,_delhi,_110095_+919868886064"
"icici_bank_delhi_karol_bagh_gurudwara_road_icici_bank_ltd,_2212/64,_gurudwara_rd,_block_37j,_new,_karol_bagh,_new_delhi,_delhi,_110005_18001080"
"indraprastha_gas_limited_cng_station_rohtak_road_near_ashoka_park_main_metro_station,_rampura,_golden_park,_new_delhi,_delhi_110035_+911165515321"
"spaces_architects_@ka_a,_basement,_a-21,_south_extension_ii,_block_a,_new_delhi,_delhi_110049_+919311013122"
"sj_construction_in_south_delhi_first_floor,_e_block_rd,_block_e,_greater_kailash_ii,_greater_kailash,_new_delhi,_delhi_110048_+917011465018"
"one_man_show_27/1,_shop,_no._4,_nangia_park_chowk,_block_27,_shakti_nagar,_delhi,_110007_+911142351387"
"bank_of_maharashtra_-_gujaranwala_twon,_delhi_branch_ground_floor,_no_a-136,_nearby_bhogal_corner,_gujranwala_town_part_1,_gujaranwala_town,_new_delhi,_delhi_110009_18002334526"
"central_bank_of_india_-_karolbagh,_new_delhi_branch_plot_no_4/54,_sir_sorabji_bhawan,_desh_bandhu_gupta_rd,_karol_bagh,_new_delhi,_delhi_110005_+911145633075"
"srp_&_company_manglam_paradise,_406,_mangalam_place,_rohini,_delhi,_110085_+919811682322"
"results_33_&_33a,_rama_road,_industrial_area,_near_kirti_nagar_metro_station,_new_delhi,_delhi_110015_+919700318318"
"mdzine_architects-_architects,interior_and_engineer_new_rajinder_nagar_no._197,_basement_floor,_plot,_d.d.a._site_1,_new_rajinder_nagar,_new_delhi,_delhi_110060_+917011006011"
"firstcry.com_store_delhi_ashok_vihar_2,_upper,_ground_floor,_b-1,_ashok_vihar_ii,_pocket_b_1,_phase_2,_ashok_vihar,_delhi,_110052_+919028193843"
"attic_light_architects_110063,_house_no._184,_ground_floor,_b_3_block,_paschim_vihar,_new_delhi,_delhi_110063_+919899990184"
"conarch_architects_sagar_complex,_204-b,_vikas_marg,_l.s.c,_new_rajdhani_enclave,_swasthya_vihar,_delhi,_110092_+911143012713"
"dialmia_business_directory_pvt_ltd_jyoti_shikhar,_no._311a,_a-3,_district_centre,_janakpuri,_new_delhi,_delhi_110058_+918680986809"
"utkarsh_small_finance_bank_(karol_bagh,_new_delhi)_upper_ground_floor,_65/3,_new_rohtak_rd,_near_liberty_cinema,_block_21_b,_dev_nagar,_karol_bagh,_new_delhi,_delhi,_110005_+919871848899"
"canara_bank_-_delhi_shalimar_bagh_bj-21,_poorbi_shalimar_bag,_s.o,_delhi,_110088_18001030"
"total_solutions_group_(a_division_of_total_business_solutions_india_pvt_ltd)_lower_ground_floor,_param_tower,_11/5b,_pusa_rd,_block_11,_old_rajinder_nagar,_rajinder_nagar,_new_delhi,_delhi,_110005_+919910268000"
"t&n_business_services_pvt_ltd_delhi_3rd,_rohit_plaza,_e-517,_75,_sector_7_dwarka,_dwarka,_new_delhi,_delhi_110047_+919455579997"
"archfy_architect_487/36,basement_floor,_national_market,_peera_garhi,_peeragarhi_village,_paschim_vihar,_new_delhi,_delhi,_110087_+917053449689"
"gracure_pharmaceuticals_ltd._251-254,_2nd_floor,_dlf_towers_shivaji_marg,_najafgarh_rd,_house_complex_market,_karampura_industrial_area,_najafgarh_road_industrial_area,_new_delhi,_delhi,_110015_+911147770900"
"gomechanic_accessories_-_car_accessories_store,_delhi_3906/16,opp.metro_pillar_no-226,_kanhiya_nagar,_delhi,_110035_+918398970970"
"sbi_vijay_nagar_branch_h-6a,_block_c,_vijay_nagar,_delhi,_110033_18001234"
"smart_grid_lab,_tata_power_delhi_distribution_limited_p4gh+h2c,_sector_15,_sector_15a,_rohini,_delhi,_110089_+911166404040"
"adpl_364,_3rd_floor_,_aggarwal_city_plaza,_mangalam_place,_near_btw,_sector_3,_rohini,_delhi,_110085_+919212114614"
"idfc_first_bank_-_delhi,_karol_bagh_62/20,_new_rohtak_rd,_nearby_mahindra_suv_showroom,_block_57,_karol_bagh,_new_delhi,_delhi,_110005_180010894"
"shop_name_wason_shop_name_7/8,_near_kirpal_asram,_vijaynagar,_vijay_nagar,_new_delhi,_delhi,_110033_+919899073070"
"bhagwan_jewellers_(best_jewellery_shop_in_delhi_ncr)_5133,_rui_mandi,_sadar_bazaar,_delhi,_110006_+919811077146"
"firefox_experience_center_-_new_delhi_shop_no,_4e/8,_nearby_sbi_bank,_block_e_4,_jhandewalan_extension,_jhandewalan,_new_delhi,_delhi_110055_+918071263989"
"canara_bank_-_delhi_model_town_plot_no_m,_tagore_park,_park_marg_model_town,_part_2,_ii,_post,_delhi,_110033_18001030"
"results_a2/121b,_block_a2,_keshav_puram,_tri_nagar,_new_delhi,_delhi,_110035_+918826935140"
"archhab_designs_p,_25,_arya_samaj_rd,_near_jain_mandir,_vijay_vihar,_uttam_nagar_east,_uttam_nagar,_new_delhi,_delhi,_110059_+919711339396"
"icici_bank_new_delhi_gujrawala_town_icici_bank_ltd,_a133,_new,_gujranwala_town_part_1,_gujranwala_town,_new_delhi,_delhi,_110009_18001080"
"canara_bank_-_delhi_shadipur_dtc_shadipur_depot,_east_patel_nagar,_delhi,_110008_18001030"
"lebiz_canada_llp_a-43_first_floor,_vishal_enclave,_new_delhi,_delhi_110027_+918375012389"
"osiyan_school_of_business_management_&_animation_2nd_floor,_b-36,37,_school,_above_cafe_coffee_day,_near_lancer_convent,_prashant_vihar,_rohini_sect,_rohini,_delhi,_110085_+919266601544"
"konica_minolta_healthcare_india_pvt_ltd_delhi_dlf_towers,_office_no._432,_4th_floor,_shivaji_raod,_moti_nagar,_new_delhi,_delhi_110015_18001212313"
"bank_of_baroda_shastri_nagar_branch_(north_delhi)_metro_station,_e-2/256,_near_shastri_nagar,_block_b,_shastri_nagar,_delhi,_110052_18005700"
"organic_india_corporate_office_-_jasola,_new_delhi_unit_no._720-722._7th_floor,_tower_-_b,_dlf_towers_plot_no._11,_n.h_commercial_centre,_jasola_vihar,_new_delhi,_delhi_110025_18003095153"
"monochrome_architects_k_1_135,_chittranjan_park_rd,_block_k,_epdp_colony,_chittaranjan_park,_new_delhi,_delhi_110019_+919582858162"
"architect_naveen_arora_&_drishty_arora_g-2,_opposite_flat_no_35,_vasant_enclave,_vasant_vihar,_new_delhi,_delhi_110057_+919810800906"
"elan_trading_-_customized_gifts_delhi_1801,_gf,_bahadurgarh_rd,_hathi_khana,_sadar_bazaar,_delhi,_110006_+919870759545"
"singh_corporation_3a/88,_block_3a,_wea,_karol_bagh,_new_delhi,_delhi,_110005_+911244224856"
"sbi_gole_market_delhi_branch_96,_baird_ln,_new_khanna_market,_gole_market,_new_delhi,_delhi_110001_18001234"
"ugrasen_petrol_pump_(hp)_grand_trunk_rd,_phase_4,_block_c,_shahdara,_new_delhi,_delhi,_110053_+919810187804"
"results_b-6/178_ff,_near_swimming_pool,_c_block,_sector_8b,_sector_8,_rohini,_new_delhi,_delhi,_110085_+919813763364"
